"Computação Gráfica-PL2","a100082","a100082","a100082","."
"Computação Gráfica-PL2","a100050","a100050","a100050","."
"Computação Gráfica-PL2","a90072","a90072","a90072","."
"Computação Gráfica-PL2","a78133","a78133","a78133","."
"Computação Gráfica-PL2","a100052","a100052","a100052","."
"Computação Gráfica-PL2","a98978","a98978","a98978","."
"Computação Gráfica-PL2","a93546","a93546","a93546","."
"Computação Gráfica-PL2","a95375","a95375","a95375","."
"Computação Gráfica-PL2","a98982","a98982","a98982","."
"Computação Gráfica-PL2","a100062","a100062","a100062","."
"Computação Gráfica-PL2","a97509","a97509","a97509","."
"Computação Gráfica-PL2","a100057","a100057","a100057","."
"Computação Gráfica-PL1","a80931","a80931","a80931","."
"Computação Gráfica-PL1","a100104","a100104","a100104","."
"Computação Gráfica-PL1","a100060","a100060","a100060","."
"Computação Gráfica-PL1","a97391","a97391","a97391","."
"Computação Gráfica-PL1","a91638","a91638","a91638","."
"Computação Gráfica-PL1","a100088","a100088","a100088","."
"Computação Gráfica-PL1","a96798","a96798","a96798","."
"Computação Gráfica-PL1","a101904","a101904","a101904","."
"Computação Gráfica-PL1","a81705","a81705","a81705","."
"Computação Gráfica-PL1","a91664","a91664","a91664","."
"Computação Gráfica-PL1","a86030","a86030","a86030","."
"Computação Gráfica-PL1","a100083","a100083","a100083","."
"Computação Gráfica-PL3","a100078","a100078","a100078","."
"Computação Gráfica-PL3","a100053","a100053","a100053","."
"Computação Gráfica-PL3","a100108","a100108","a100108","."
"Computação Gráfica-PL3","a97441","a97441","a97441","."
"Computação Gráfica-PL3","a98981","a98981","a98981","."
"Computação Gráfica-PL3","a100068","a100068","a100068","."
"Computação Gráfica-PL3","a91649","a91649","a91649","."
"Computação Gráfica-PL3","a100094","a100094","a100094","."
"Computação Gráfica-PL3","a84914","a84914","a84914","."
"Computação Gráfica-PL3","a96544","a96544","a96544","."
"Computação Gráfica-PL3","a80433","a80433","a80433","."
"Computação Gráfica-PL3","a98980","a98980","a98980","."
"Computação Gráfica-PL3","a53971","a53971","a53971","."
"Computação Gráfica-PL3","a100112","a100112","a100112","."
"Computação Gráfica-PL3","a100111","a100111","a100111","."
"Computação Gráfica-PL3","a91689","a91689","a91689","."
"Computação Gráfica-PL3","a87952","a87952","a87952","."
"Computação Gráfica-PL3","a100076","a100076","a100076","."
"Computação Gráfica-PL3","a100110","a100110","a100110","."
"Computação Gráfica-PL3","a95726","a95726","a95726","."
"Computação Gráfica-PL3","a91643","a91643","a91643","."
"Computação Gráfica-PL3","a100096","a100096","a100096","."
"Computação Gráfica-PL3","a100084","a100084","a100084","."
"Computação Gráfica-PL3","a91678","a91678","a91678","."
