"Programação Orientada aos Objetos-PL1","a80306","a80306","a80306","."
"Programação Orientada aos Objetos-PL1","a111100","a111100","a111100","."
"Programação Orientada aos Objetos-PL1","a188000","a188000","a188000","."
"Programação Orientada aos Objetos-PL1","a101100","a101100","a101100","."
"Programação Orientada aos Objetos-PL1","a71612","a71612","a71612","."
"Programação Orientada aos Objetos-PL1","a149000","a149000","a149000","."
"Programação Orientada aos Objetos-PL1","a89499","a89499","a89499","."
"Programação Orientada aos Objetos-PL1","a127000","a127000","a127000","."
"Programação Orientada aos Objetos-PL1","a108000","a108000","a108000","."
"Programação Orientada aos Objetos-PL1","a145000","a145000","a145000","."
"Programação Orientada aos Objetos-PL1","a190100","a190100","a190100","."
"Programação Orientada aos Objetos-PL1","a99506","a99506","a99506","."
"Programação Orientada aos Objetos-PL1","a197000","a197000","a197000","."
"Programação Orientada aos Objetos-PL1","a73318","a73318","a73318","."
"Programação Orientada aos Objetos-PL1","a91937","a91937","a91937","."
"Programação Orientada aos Objetos-PL1","a160100","a160100","a160100","."
"Programação Orientada aos Objetos-PL1","a105000","a105000","a105000","."
"Programação Orientada aos Objetos-PL1","a169000","a169000","a169000","."
"Programação Orientada aos Objetos-PL1","a96667","a96667","a96667","."
"Programação Orientada aos Objetos-PL1","a98761","a98761","a98761","."
"Programação Orientada aos Objetos-PL1","a94295","a94295","a94295","."
"Programação Orientada aos Objetos-PL1","a99798","a99798","a99798","."
"Programação Orientada aos Objetos-PL1","a180100","a180100","a180100","."
"Programação Orientada aos Objetos-PL1","a84194","a84194","a84194","."
"Programação Orientada aos Objetos-PL1","a96661","a96661","a96661","."
"Programação Orientada aos Objetos-PL1","a138000","a138000","a138000","."
"Programação Orientada aos Objetos-PL1","a98798","a98798","a98798","."
"Programação Orientada aos Objetos-PL1","a140100","a140100","a140100","."
"Programação Orientada aos Objetos-PL1","a91447","a91447","a91447","."
"Programação Orientada aos Objetos-PL1","a148000","a148000","a148000","."
"Programação Orientada aos Objetos-PL1","a129000","a129000","a129000","."
"Programação Orientada aos Objetos-PL1","a92700","a92700","a92700","."
"Programação Orientada aos Objetos-PL1","a94661","a94661","a94661","."
"Programação Orientada aos Objetos-PL1","a91898","a91898","a91898","."
"Programação Orientada aos Objetos-PL1","a91461","a91461","a91461","."
"Programação Orientada aos Objetos-PL1","a99992","a99992","a99992","."
"Programação Orientada aos Objetos-PL1","a135000","a135000","a135000","."
"Programação Orientada aos Objetos-PL1","a90898","a90898","a90898","."
"Programação Orientada aos Objetos-PL1","a106000","a106000","a106000","."
"Programação Orientada aos Objetos-PL1","a140910","a140910","a140910","."
"Programação Orientada aos Objetos-PL1","a88854","a88854","a88854","."
"Programação Orientada aos Objetos-PL1","a88095","a88095","a88095","."
"Programação Orientada aos Objetos-PL1","a83497","a83497","a83497","."
"Programação Orientada aos Objetos-PL1","a121100","a121100","a121100","."
"Programação Orientada aos Objetos-PL1","a90561","a90561","a90561","."
"Programação Orientada aos Objetos-PL1","a95765","a95765","a95765","."
"Programação Orientada aos Objetos-PL1","a81797","a81797","a81797","."
"Programação Orientada aos Objetos-PL1","a175000","a175000","a175000","."
"Programação Orientada aos Objetos-PL1","a98976","a98976","a98976","."
"Programação Orientada aos Objetos-PL1","a97137","a97137","a97137","."
"Programação Orientada aos Objetos-PL1","a82597","a82597","a82597","."
"Programação Orientada aos Objetos-PL1","a165000","a165000","a165000","."
"Programação Orientada aos Objetos-PL2","a128000","a128000","a128000","."
"Programação Orientada aos Objetos-PL2","a89997","a89997","a89997","."
"Programação Orientada aos Objetos-PL2","a83873","a83873","a83873","."
"Programação Orientada aos Objetos-PL2","a90207","a90207","a90207","."
"Programação Orientada aos Objetos-PL2","a125000","a125000","a125000","."
"Programação Orientada aos Objetos-PL2","a83462","a83462","a83462","."
"Programação Orientada aos Objetos-PL2","a185000","a185000","a185000","."
"Programação Orientada aos Objetos-PL2","a99637","a99637","a99637","."
"Programação Orientada aos Objetos-PL2","a97646","a97646","a97646","."
"Programação Orientada aos Objetos-PL2","a91135","a91135","a91135","."
"Programação Orientada aos Objetos-PL2","a94861","a94861","a94861","."
"Programação Orientada aos Objetos-PL2","a157000","a157000","a157000","."
"Programação Orientada aos Objetos-PL2","a187000","a187000","a187000","."
"Programação Orientada aos Objetos-PL2","a75365","a75365","a75365","."
"Programação Orientada aos Objetos-PL2","a139000","a139000","a139000","."
"Programação Orientada aos Objetos-PL2","a150100","a150100","a150100","."
"Programação Orientada aos Objetos-PL2","a92898","a92898","a92898","."
"Programação Orientada aos Objetos-PL2","a95361","a95361","a95361","."
"Programação Orientada aos Objetos-PL2","a98361","a98361","a98361","."
"Programação Orientada aos Objetos-PL2","a126000","a126000","a126000","."
"Programação Orientada aos Objetos-PL2","a92047","a92047","a92047","."
"Programação Orientada aos Objetos-PL2","a93898","a93898","a93898","."
"Programação Orientada aos Objetos-PL2","a84402","a84402","a84402","."
"Programação Orientada aos Objetos-PL2","a84007","a84007","a84007","."
"Programação Orientada aos Objetos-PL2","a186000","a186000","a186000","."
"Programação Orientada aos Objetos-PL2","a96357","a96357","a96357","."
"Programação Orientada aos Objetos-PL2","a80281","a80281","a80281","."
"Programação Orientada aos Objetos-PL2","a99861","a99861","a99861","."
"Programação Orientada aos Objetos-PL2","a167000","a167000","a167000","."
"Programação Orientada aos Objetos-PL2","a198000","a198000","a198000","."
"Programação Orientada aos Objetos-PL2","a79160","a79160","a79160","."
"Programação Orientada aos Objetos-PL2","a89081","a89081","a89081","."
"Programação Orientada aos Objetos-PL2","a96453","a96453","a96453","."
"Programação Orientada aos Objetos-PL2","a97361","a97361","a97361","."
"Programação Orientada aos Objetos-PL2","a80112","a80112","a80112","."
