"Sistemas Operativos-PL1","a99761","a99761","a99761","."
"Sistemas Operativos-PL1","a140100","a140100","a140100","."
"Sistemas Operativos-PL1","a128000","a128000","a128000","."
"Sistemas Operativos-PL1","a197000","a197000","a197000","."
"Sistemas Operativos-PL1","a185000","a185000","a185000","."
"Sistemas Operativos-PL1","a187000","a187000","a187000","."
"Sistemas Operativos-PL1","a79160","a79160","a79160","."
"Sistemas Operativos-PL1","a92898","a92898","a92898","."
"Sistemas Operativos-PL1","a94295","a94295","a94295","."
"Sistemas Operativos-PL1","a90167","a90167","a90167","."
"Sistemas Operativos-PL1","a138000","a138000","a138000","."
"Sistemas Operativos-PL1","a91961","a91961","a91961","."
"Sistemas Operativos-PL1","a83620","a83620","a83620","."
"Sistemas Operativos-PL1","a168000","a168000","a168000","."
"Sistemas Operativos-PL1","a90127","a90127","a90127","."
"Sistemas Operativos-PL1","a80112","a80112","a80112","."
"Sistemas Operativos-PL1","a98976","a98976","a98976","."
"Sistemas Operativos-PL1","a91707","a91707","a91707","."
"Sistemas Operativos-PL1","a92561","a92561","a92561","."
"Sistemas Operativos-PL1","a95735","a95735","a95735","."
"Sistemas Operativos-PL1","a81390","a81390","a81390","."
"Sistemas Operativos-PL1","a97104","a97104","a97104","."
"Sistemas Operativos-PL1","a88044","a88044","a88044","."
"Sistemas Operativos-PL1","a89697","a89697","a89697","."
"Sistemas Operativos-PL1","a96453","a96453","a96453","."
"Sistemas Operativos-PL1","a82322","a82322","a82322","."
"Sistemas Operativos-PL1","a85371","a85371","a85371","."
"Sistemas Operativos-PL1","a91473","a91473","a91473","."
"Sistemas Operativos-PL1","a99361","a99361","a99361","."
"Sistemas Operativos-PL1","a160100","a160100","a160100","."
"Sistemas Operativos-PL1","a98661","a98661","a98661","."
"Sistemas Operativos-PL1","a48353","a48353","a48353","."
"Sistemas Operativos-PL2","a95861","a95861","a95861","."
"Sistemas Operativos-PL2","a150100","a150100","a150100","."
"Sistemas Operativos-PL2","a99992","a99992","a99992","."
"Sistemas Operativos-PL2","a100100","a100100","a100100","."
"Sistemas Operativos-PL2","a95765","a95765","a95765","."
"Sistemas Operativos-PL2","a75365","a75365","a75365","."
"Sistemas Operativos-PL2","a91135","a91135","a91135","."
"Sistemas Operativos-PL2","a92795","a92795","a92795","."
"Sistemas Operativos-PL2","a129000","a129000","a129000","."
"Sistemas Operativos-PL2","a92047","a92047","a92047","."
"Sistemas Operativos-PL2","a62078","a62078","a62078","."
"Sistemas Operativos-PL2","a96775","a96775","a96775","."
"Sistemas Operativos-PL2","a90547","a90547","a90547","."
"Sistemas Operativos-PL2","a83873","a83873","a83873","."
"Sistemas Operativos-PL2","a85071","a85071","a85071","."
"Sistemas Operativos-PL2","a97137","a97137","a97137","."
"Sistemas Operativos-PL2","a90207","a90207","a90207","."
"Sistemas Operativos-PL2","a93795","a93795","a93795","."
"Sistemas Operativos-PL2","a67312","a67312","a67312","."
"Sistemas Operativos-PL2","a93461","a93461","a93461","."
"Sistemas Operativos-PL2","a96357","a96357","a96357","."
"Sistemas Operativos-PL2","a97661","a97661","a97661","."
"Sistemas Operativos-PL2","a97361","a97361","a97361","."
"Sistemas Operativos-PL2","a91861","a91861","a91861","."
"Sistemas Operativos-PL2","a125000","a125000","a125000","."
"Sistemas Operativos-PL3","a96667","a96667","a96667","."
"Sistemas Operativos-PL3","a89997","a89997","a89997","."
"Sistemas Operativos-PL3","a98361","a98361","a98361","."
"Sistemas Operativos-PL3","a145000","a145000","a145000","."
"Sistemas Operativos-PL3","a84007","a84007","a84007","."
"Sistemas Operativos-PL3","a127000","a127000","a127000","."
"Sistemas Operativos-PL3","a98798","a98798","a98798","."
"Sistemas Operativos-PL3","a71612","a71612","a71612","."
"Sistemas Operativos-PL3","a169000","a169000","a169000","."
"Sistemas Operativos-PL3","a148000","a148000","a148000","."
"Sistemas Operativos-PL3","a186000","a186000","a186000","."
"Sistemas Operativos-PL3","a106000","a106000","a106000","."
"Sistemas Operativos-PL3","a121100","a121100","a121100","."
"Sistemas Operativos-PL3","a111100","a111100","a111100","."
"Sistemas Operativos-PL3","a140910","a140910","a140910","."
"Sistemas Operativos-PL3","a188000","a188000","a188000","."
"Sistemas Operativos-PL3","a96661","a96661","a96661","."
"Sistemas Operativos-PL3","a101100","a101100","a101100","."
"Sistemas Operativos-PL3","a90898","a90898","a90898","."
"Sistemas Operativos-PL3","a73318","a73318","a73318","."
"Sistemas Operativos-PL3","a180100","a180100","a180100","."
"Sistemas Operativos-PL3","a94661","a94661","a94661","."
"Sistemas Operativos-PL3","a149000","a149000","a149000","."
"Sistemas Operativos-PL3","a90561","a90561","a90561","."
"Sistemas Operativos-PL3","a175000","a175000","a175000","."
"Sistemas Operativos-PL3","a108000","a108000","a108000","."
"Sistemas Operativos-PL3","a98761","a98761","a98761","."
"Sistemas Operativos-PL3","a88095","a88095","a88095","."
"Sistemas Operativos-PL3","a89499","a89499","a89499","."
"Sistemas Operativos-PL3","a99506","a99506","a99506","."
"Sistemas Operativos-PL3","a126000","a126000","a126000","."
"Sistemas Operativos-PL3","a91447","a91447","a91447","."
"Sistemas Operativos-PL3","a91937","a91937","a91937","."
"Sistemas Operativos-PL3","a92700","a92700","a92700","."
"Sistemas Operativos-PL3","a81797","a81797","a81797","."
"Sistemas Operativos-PL3","a105000","a105000","a105000","."
"Sistemas Operativos-PL3","a165000","a165000","a165000","."
"Sistemas Operativos-PL3","a167000","a167000","a167000","."
"Sistemas Operativos-PL3","a190100","a190100","a190100","."
"Sistemas Operativos-PL3","a84194","a84194","a84194","."
"Sistemas Operativos-PL3","a139000","a139000","a139000","."
"Sistemas Operativos-PL3","a88854","a88854","a88854","."
"Sistemas Operativos-PL3","a80306","a80306","a80306","."
"Sistemas Operativos-PL3","a91898","a91898","a91898","."
"Sistemas Operativos-PL3","a94861","a94861","a94861","."
"Sistemas Operativos-PL3","a135000","a135000","a135000","."
"Sistemas Operativos-PL3","a97646","a97646","a97646","."
"Sistemas Operativos-PL3","a99798","a99798","a99798","."
